displayName,resourceType,resourceGroup,region,subscriptionId,applicationGroup,desiredOperation,disposition,infrastructureDisposition,configurationDisposition,identityDisposition,dataDisposition,recommendedTool,alternativeMethods,nativeMoveSupport,crossSubscriptionSupport,regionalRelocationSupport,expectedDowntime,sequencePosition,humanApprovalRequired,implementationStatus,ruleId,ruleVersion,reasonCodes,blockers,missingInformation,resourceId,confidenceScore,confidenceBand
rg-contoso-billing-prod-eus,Microsoft.Resources/resourceGroups,rg-contoso-billing-prod-eus,eastus,<assessment-id>,billing,region-relocation,recreate-only,recreate,reconstruct,not-applicable,not-applicable,terraform-redeploy,,unsupported,unsupported,unsupported,none,25,true,planned,azure.resources.resourcegroups,1.0.0,RULE_MATCH; REGION_MOVE_UNSUPPORTED_ALTERNATIVE_SELECTED,,"SKU/tier (affects regional availability, move eligibility and data-copy method); Kind (e.g. functionapp vs app, StorageV2 vs BlobStorage); Network topology, private endpoints, encryption/CMK, managed identities, RBAC, locks, policy, data size, backup/replication state — require authenticated inspection",/subscriptions/<assessment-id>/resourceGroups/rg-contoso-billing-prod-eus,0.74,medium
vnet-billing-prod-eus,Microsoft.Network/virtualNetworks,rg-contoso-billing-prod-eus,eastus,<assessment-id>,billing,region-relocation,native-move,recreate,reconstruct,reconstruct,replicate,azure-resource-mover,terraform-redeploy,supported,supported,supported,minutes,17,true,planned,azure.network.virtualnetworks,1.0.0,RULE_MATCH; REGION_MOVE_SUPPORTED,,"SKU/tier (affects regional availability, move eligibility and data-copy method); Kind (e.g. functionapp vs app, StorageV2 vs BlobStorage); Network topology, private endpoints, encryption/CMK, managed identities, RBAC, locks, policy, data size, backup/replication state — require authenticated inspection; Data volume, change rate and consistency requirements (needed to size the sync window)",/subscriptions/<assessment-id>/resourceGroups/rg-contoso-billing-prod-eus/providers/Microsoft.Network/virtualNetworks/vnet-billing-prod-eus,0.74,medium
snet-app,Microsoft.Network/virtualNetworks/subnets,rg-contoso-billing-prod-eus,eastus,<assessment-id>,billing,region-relocation,native-move,recreate,reconstruct,not-applicable,not-applicable,azure-resource-mover,terraform-redeploy,supported,supported,supported,none,29,true,planned,azure.network.virtualnetworks.subnets,1.0.0,RULE_MATCH; REGION_MOVE_SUPPORTED,,"SKU/tier (affects regional availability, move eligibility and data-copy method); Kind (e.g. functionapp vs app, StorageV2 vs BlobStorage); Network topology, private endpoints, encryption/CMK, managed identities, RBAC, locks, policy, data size, backup/replication state — require authenticated inspection",/subscriptions/<assessment-id>/resourceGroups/rg-contoso-billing-prod-eus/providers/Microsoft.Network/virtualNetworks/vnet-billing-prod-eus/subnets/snet-app,0.74,medium
nsg-app,Microsoft.Network/networkSecurityGroups,rg-contoso-billing-prod-eus,eastus,<assessment-id>,billing,region-relocation,native-move,recreate,reconstruct,reconstruct,replicate,azure-resource-mover,terraform-redeploy,supported,supported,supported,minutes,19,true,planned,azure.network.networksecuritygroups,1.0.0,RULE_MATCH; REGION_MOVE_SUPPORTED,,"SKU/tier (affects regional availability, move eligibility and data-copy method); Kind (e.g. functionapp vs app, StorageV2 vs BlobStorage); Network topology, private endpoints, encryption/CMK, managed identities, RBAC, locks, policy, data size, backup/replication state — require authenticated inspection; Data volume, change rate and consistency requirements (needed to size the sync window)",/subscriptions/<assessment-id>/resourceGroups/rg-contoso-billing-prod-eus/providers/Microsoft.Network/networkSecurityGroups/nsg-app,0.74,medium
pip-lb-billing,Microsoft.Network/publicIPAddresses,rg-contoso-billing-prod-eus,eastus,<assessment-id>,billing,region-relocation,recreate-and-migrate,recreate,reconstruct,not-applicable,not-applicable,azure-resource-mover,terraform-redeploy,supported,supported,conditional,minutes,16,true,blocked,azure.network.publicipaddresses,1.0.0,RULE_MATCH; REGION_MOVE_CONDITIONAL,Rule requires human review before this disposition is accepted.,"Kind (e.g. functionapp vs app, StorageV2 vs BlobStorage); Network topology, private endpoints, encryption/CMK, managed identities, RBAC, locks, policy, data size, backup/replication state — require authenticated inspection",/subscriptions/<assessment-id>/resourceGroups/rg-contoso-billing-prod-eus/providers/Microsoft.Network/publicIPAddresses/pip-lb-billing,0.7,medium
lb-billing-prod,Microsoft.Network/loadBalancers,rg-contoso-billing-prod-eus,eastus,<assessment-id>,billing,region-relocation,native-move,recreate,reconstruct,reconstruct,replicate,azure-resource-mover,terraform-redeploy,supported,supported,conditional,minutes,18,true,planned,azure.network.loadbalancers,1.0.0,RULE_MATCH; REGION_MOVE_CONDITIONAL,,"Kind (e.g. functionapp vs app, StorageV2 vs BlobStorage); Network topology, private endpoints, encryption/CMK, managed identities, RBAC, locks, policy, data size, backup/replication state — require authenticated inspection; Data volume, change rate and consistency requirements (needed to size the sync window)",/subscriptions/<assessment-id>/resourceGroups/rg-contoso-billing-prod-eus/providers/Microsoft.Network/loadBalancers/lb-billing-prod,0.65,medium
nic-vm-billing-01,Microsoft.Network/networkInterfaces,rg-contoso-billing-prod-eus,eastus,<assessment-id>,billing,region-relocation,native-move,recreate,reconstruct,reconstruct,replicate,azure-resource-mover,terraform-redeploy,supported,supported,supported,minutes,20,true,planned,azure.network.networkinterfaces,1.0.0,RULE_MATCH; REGION_MOVE_SUPPORTED,,"SKU/tier (affects regional availability, move eligibility and data-copy method); Kind (e.g. functionapp vs app, StorageV2 vs BlobStorage); Network topology, private endpoints, encryption/CMK, managed identities, RBAC, locks, policy, data size, backup/replication state — require authenticated inspection; Data volume, change rate and consistency requirements (needed to size the sync window)",/subscriptions/<assessment-id>/resourceGroups/rg-contoso-billing-prod-eus/providers/Microsoft.Network/networkInterfaces/nic-vm-billing-01,0.74,medium
vm-billing-01,Microsoft.Compute/virtualMachines,rg-contoso-billing-prod-eus,eastus,<assessment-id>,billing,region-relocation,native-move,recreate,reconstruct,reconstruct,replicate,azure-resource-mover,azure-migrate; backup-and-restore; terraform-redeploy,supported,supported,supported,minutes,27,true,planned,azure.compute.virtualmachines,1.0.0,RULE_MATCH; REGION_MOVE_SUPPORTED,,"Kind (e.g. functionapp vs app, StorageV2 vs BlobStorage); Network topology, private endpoints, encryption/CMK, managed identities, RBAC, locks, policy, data size, backup/replication state — require authenticated inspection; Data volume, change rate and consistency requirements (needed to size the sync window)",/subscriptions/<assessment-id>/resourceGroups/rg-contoso-billing-prod-eus/providers/Microsoft.Compute/virtualMachines/vm-billing-01,0.74,medium
vm-billing-01_OsDisk,Microsoft.Compute/disks,rg-contoso-billing-prod-eus,eastus,<assessment-id>,billing,region-relocation,orchestrated-migration,recreate,reconstruct,not-applicable,replicate,azure-resource-mover,backup-and-restore; export-and-import,supported,supported,supported,minutes,26,true,planned,azure.compute.disks,1.0.0,RULE_MATCH; REGION_MOVE_SUPPORTED,,"Kind (e.g. functionapp vs app, StorageV2 vs BlobStorage); Network topology, private endpoints, encryption/CMK, managed identities, RBAC, locks, policy, data size, backup/replication state — require authenticated inspection; Data volume, change rate and consistency requirements (needed to size the sync window)",/subscriptions/<assessment-id>/resourceGroups/rg-contoso-billing-prod-eus/providers/Microsoft.Compute/disks/vm-billing-01_OsDisk,0.74,medium
avset-billing,Microsoft.Compute/availabilitySets,rg-contoso-billing-prod-eus,eastus,<assessment-id>,billing,region-relocation,native-move,recreate,reconstruct,reconstruct,replicate,azure-resource-mover,terraform-redeploy,supported,supported,supported,minutes,9,true,planned,azure.compute.availabilitysets,1.0.0,RULE_MATCH; REGION_MOVE_SUPPORTED,,"Kind (e.g. functionapp vs app, StorageV2 vs BlobStorage); Network topology, private endpoints, encryption/CMK, managed identities, RBAC, locks, policy, data size, backup/replication state — require authenticated inspection; Data volume, change rate and consistency requirements (needed to size the sync window)",/subscriptions/<assessment-id>/resourceGroups/rg-contoso-billing-prod-eus/providers/Microsoft.Compute/availabilitySets/avset-billing,0.74,medium
stcontosobillingprod,Microsoft.Storage/storageAccounts,rg-contoso-billing-prod-eus,eastus,<assessment-id>,billing,region-relocation,recreate-and-migrate,recreate,reconstruct,reconstruct,sync-and-cutover,azure-storage-mover,azcopy; object-replication; azure-data-factory; data-box,supported,supported,unsupported,hours,14,true,blocked,org.hcw.storage.storageaccounts.region,1.0.0,RULE_MATCH; REGION_MOVE_UNSUPPORTED_ALTERNATIVE_SELECTED,Rule requires human review before this disposition is accepted.,"Network topology, private endpoints, encryption/CMK, managed identities, RBAC, locks, policy, data size, backup/replication state — require authenticated inspection; Data volume, change rate and consistency requirements (needed to size the sync window)",/subscriptions/<assessment-id>/resourceGroups/rg-contoso-billing-prod-eus/providers/Microsoft.Storage/storageAccounts/stcontosobillingprod,0.74,medium
kv-billing-prod-eus,Microsoft.KeyVault/vaults,rg-contoso-billing-prod-eus,eastus,<assessment-id>,billing,region-relocation,recreate-and-migrate,recreate,reconstruct,reconstruct,backup-restore,backup-and-restore,manual-reconstruction; terraform-redeploy,supported,supported,unsupported,minutes,6,true,blocked,azure.keyvault.vaults,1.0.0,RULE_MATCH; REGION_MOVE_UNSUPPORTED_ALTERNATIVE_SELECTED,Rule requires human review before this disposition is accepted.,"Kind (e.g. functionapp vs app, StorageV2 vs BlobStorage); Network topology, private endpoints, encryption/CMK, managed identities, RBAC, locks, policy, data size, backup/replication state — require authenticated inspection; Data volume, change rate and consistency requirements (needed to size the sync window)",/subscriptions/<assessment-id>/resourceGroups/rg-contoso-billing-prod-eus/providers/Microsoft.KeyVault/vaults/kv-billing-prod-eus,0.74,medium
sql-billing-prod-eus,Microsoft.Sql/servers,rg-contoso-billing-prod-eus,eastus,<assessment-id>,billing,region-relocation,recreate-and-migrate,recreate,reconstruct,reconstruct,replicate,failover-group,geo-replication; export-and-import; azure-database-migration-service; backup-and-restore,supported,supported,unsupported,minutes,10,true,planned,azure.sql.servers,1.0.0,RULE_MATCH; REGION_MOVE_UNSUPPORTED_ALTERNATIVE_SELECTED,,"SKU/tier (affects regional availability, move eligibility and data-copy method); Kind (e.g. functionapp vs app, StorageV2 vs BlobStorage); Network topology, private endpoints, encryption/CMK, managed identities, RBAC, locks, policy, data size, backup/replication state — require authenticated inspection; Data volume, change rate and consistency requirements (needed to size the sync window)",/subscriptions/<assessment-id>/resourceGroups/rg-contoso-billing-prod-eus/providers/Microsoft.Sql/servers/sql-billing-prod-eus,0.74,medium
billingdb,Microsoft.Sql/servers/databases,rg-contoso-billing-prod-eus,eastus,<assessment-id>,billing,region-relocation,recreate-and-migrate,recreate,reconstruct,not-applicable,replicate,geo-replication,failover-group; export-and-import; azure-database-migration-service; backup-and-restore,supported,supported,unsupported,minutes,11,true,planned,azure.sql.servers.databases,1.0.0,RULE_MATCH; REGION_MOVE_UNSUPPORTED_ALTERNATIVE_SELECTED,,"Kind (e.g. functionapp vs app, StorageV2 vs BlobStorage); Network topology, private endpoints, encryption/CMK, managed identities, RBAC, locks, policy, data size, backup/replication state — require authenticated inspection; Data volume, change rate and consistency requirements (needed to size the sync window)",/subscriptions/<assessment-id>/resourceGroups/rg-contoso-billing-prod-eus/providers/Microsoft.Sql/servers/sql-billing-prod-eus/databases/billingdb,0.74,medium
psql-billing-prod-eus,Microsoft.DBforPostgreSQL/flexibleServers,rg-contoso-billing-prod-eus,eastus,<assessment-id>,billing,region-relocation,recreate-and-migrate,recreate,reconstruct,reconstruct,replicate,native-database-replication,backup-and-restore; azure-database-migration-service; export-and-import,supported,supported,unsupported,minutes,23,true,planned,azure.dbforpostgresql.flexibleservers,1.0.0,RULE_MATCH; REGION_MOVE_UNSUPPORTED_ALTERNATIVE_SELECTED,,"Kind (e.g. functionapp vs app, StorageV2 vs BlobStorage); Network topology, private endpoints, encryption/CMK, managed identities, RBAC, locks, policy, data size, backup/replication state — require authenticated inspection; Data volume, change rate and consistency requirements (needed to size the sync window)",/subscriptions/<assessment-id>/resourceGroups/rg-contoso-billing-prod-eus/providers/Microsoft.DBforPostgreSQL/flexibleServers/psql-billing-prod-eus,0.74,medium
cosmos-billing-prod,Microsoft.DocumentDB/databaseAccounts,rg-contoso-billing-prod-eus,eastus,<assessment-id>,billing,region-relocation,orchestrated-migration,move-with-resource,reconstruct,not-applicable,replicate,service-specific-migration,azure-data-factory; export-and-import,supported,supported,conditional,none,12,true,planned,azure.documentdb.databaseaccounts,1.0.0,RULE_MATCH; REGION_MOVE_CONDITIONAL,,"SKU/tier (affects regional availability, move eligibility and data-copy method); Network topology, private endpoints, encryption/CMK, managed identities, RBAC, locks, policy, data size, backup/replication state — require authenticated inspection; Data volume, change rate and consistency requirements (needed to size the sync window)",/subscriptions/<assessment-id>/resourceGroups/rg-contoso-billing-prod-eus/providers/Microsoft.DocumentDB/databaseAccounts/cosmos-billing-prod,0.7,medium
crcontosobilling,Microsoft.ContainerRegistry/registries,rg-contoso-billing-prod-eus,eastus,<assessment-id>,billing,region-relocation,recreate-and-migrate,recreate,reconstruct,reconstruct,export-import,container-image-copy,terraform-redeploy; service-specific-migration,supported,supported,unsupported,none,13,true,planned,azure.containerregistry.registries,1.0.0,RULE_MATCH; REGION_MOVE_UNSUPPORTED_ALTERNATIVE_SELECTED,,"Kind (e.g. functionapp vs app, StorageV2 vs BlobStorage); Network topology, private endpoints, encryption/CMK, managed identities, RBAC, locks, policy, data size, backup/replication state — require authenticated inspection; Data volume, change rate and consistency requirements (needed to size the sync window)",/subscriptions/<assessment-id>/resourceGroups/rg-contoso-billing-prod-eus/providers/Microsoft.ContainerRegistry/registries/crcontosobilling,0.74,medium
asp-billing-prod-eus,Microsoft.Web/serverFarms,rg-contoso-billing-prod-eus,eastus,<assessment-id>,billing,region-relocation,recreate-only,recreate,reconstruct,reconstruct,not-applicable,terraform-redeploy,application-deployment,conditional,conditional,unsupported,minutes,3,true,blocked,azure.web.serverfarms,1.0.0,RULE_MATCH; REGION_MOVE_UNSUPPORTED_ALTERNATIVE_SELECTED,Rule requires human review before this disposition is accepted.,"Network topology, private endpoints, encryption/CMK, managed identities, RBAC, locks, policy, data size, backup/replication state — require authenticated inspection",/subscriptions/<assessment-id>/resourceGroups/rg-contoso-billing-prod-eus/providers/Microsoft.Web/serverFarms/asp-billing-prod-eus,0.74,medium
app-billing-web-prod,Microsoft.Web/sites,rg-contoso-billing-prod-eus,eastus,<assessment-id>,billing,region-relocation,recreate-and-migrate,recreate,reconstruct,reconstruct,export-import,application-deployment,backup-and-restore; terraform-redeploy; slot-deployment,conditional,conditional,unsupported,minutes,8,true,planned,azure.web.sites,1.0.0,RULE_MATCH; REGION_MOVE_UNSUPPORTED_ALTERNATIVE_SELECTED,,"SKU/tier (affects regional availability, move eligibility and data-copy method); Network topology, private endpoints, encryption/CMK, managed identities, RBAC, locks, policy, data size, backup/replication state — require authenticated inspection; Data volume, change rate and consistency requirements (needed to size the sync window)",/subscriptions/<assessment-id>/resourceGroups/rg-contoso-billing-prod-eus/providers/Microsoft.Web/sites/app-billing-web-prod,0.74,medium
func-billing-jobs-prod,Microsoft.Web/sites,rg-contoso-billing-prod-eus,eastus,<assessment-id>,billing,region-relocation,recreate-and-migrate,recreate,reconstruct,reconstruct,export-import,application-deployment,backup-and-restore; terraform-redeploy; slot-deployment,conditional,conditional,unsupported,minutes,15,true,planned,azure.web.sites,1.0.0,RULE_MATCH; REGION_MOVE_UNSUPPORTED_ALTERNATIVE_SELECTED,,"SKU/tier (affects regional availability, move eligibility and data-copy method); Network topology, private endpoints, encryption/CMK, managed identities, RBAC, locks, policy, data size, backup/replication state — require authenticated inspection; Data volume, change rate and consistency requirements (needed to size the sync window)",/subscriptions/<assessment-id>/resourceGroups/rg-contoso-billing-prod-eus/providers/Microsoft.Web/sites/func-billing-jobs-prod,0.74,medium
appi-billing-prod,Microsoft.Insights/components,rg-contoso-billing-prod-eus,eastus,<assessment-id>,billing,region-relocation,recreate-and-migrate,recreate,reconstruct,not-applicable,retain-in-source,terraform-redeploy,manual-reconstruction,supported,supported,unsupported,none,5,true,planned,azure.insights.components,1.0.0,RULE_MATCH; REGION_MOVE_UNSUPPORTED_ALTERNATIVE_SELECTED,,"SKU/tier (affects regional availability, move eligibility and data-copy method); Network topology, private endpoints, encryption/CMK, managed identities, RBAC, locks, policy, data size, backup/replication state — require authenticated inspection",/subscriptions/<assessment-id>/resourceGroups/rg-contoso-billing-prod-eus/providers/Microsoft.Insights/components/appi-billing-prod,0.74,medium
log-contoso-prod-eus,Microsoft.OperationalInsights/workspaces,rg-contoso-billing-prod-eus,eastus,<assessment-id>,platform,region-relocation,recreate-and-migrate,recreate,reconstruct,not-applicable,retain-in-source,terraform-redeploy,export-and-import; manual-reconstruction,supported,supported,unsupported,none,4,true,planned,azure.operationalinsights.workspaces,1.0.0,RULE_MATCH; REGION_MOVE_UNSUPPORTED_ALTERNATIVE_SELECTED,,"Kind (e.g. functionapp vs app, StorageV2 vs BlobStorage); Network topology, private endpoints, encryption/CMK, managed identities, RBAC, locks, policy, data size, backup/replication state — require authenticated inspection",/subscriptions/<assessment-id>/resourceGroups/rg-contoso-billing-prod-eus/providers/Microsoft.OperationalInsights/workspaces/log-contoso-prod-eus,0.74,medium
rsv-contoso-prod-eus,Microsoft.RecoveryServices/vaults,rg-contoso-billing-prod-eus,eastus,<assessment-id>,platform,region-relocation,recreate-only,recreate,reconstruct,reconstruct,retain-in-source,terraform-redeploy,manual-reconstruction,conditional,conditional,unsupported,none,28,true,blocked,azure.recoveryservices.vaults,1.0.0,RULE_MATCH; REGION_MOVE_UNSUPPORTED_ALTERNATIVE_SELECTED,Rule requires human review before this disposition is accepted.,"Kind (e.g. functionapp vs app, StorageV2 vs BlobStorage); Network topology, private endpoints, encryption/CMK, managed identities, RBAC, locks, policy, data size, backup/replication state — require authenticated inspection",/subscriptions/<assessment-id>/resourceGroups/rg-contoso-billing-prod-eus/providers/Microsoft.RecoveryServices/vaults/rsv-contoso-prod-eus,0.74,medium
pe-sql-billing,Microsoft.Network/privateEndpoints,rg-contoso-billing-prod-eus,eastus,<assessment-id>,billing,region-relocation,recreate-only,recreate,reconstruct,reconstruct,not-applicable,terraform-redeploy,,supported,supported,unsupported,minutes,22,true,planned,azure.network.privateendpoints,1.0.0,RULE_MATCH; REGION_MOVE_UNSUPPORTED_ALTERNATIVE_SELECTED,,"SKU/tier (affects regional availability, move eligibility and data-copy method); Kind (e.g. functionapp vs app, StorageV2 vs BlobStorage); Network topology, private endpoints, encryption/CMK, managed identities, RBAC, locks, policy, data size, backup/replication state — require authenticated inspection",/subscriptions/<assessment-id>/resourceGroups/rg-contoso-billing-prod-eus/providers/Microsoft.Network/privateEndpoints/pe-sql-billing,0.74,medium
privatelink.database.windows.net,Microsoft.Network/privateDnsZones,rg-contoso-billing-prod-eus,global,<assessment-id>,platform,region-relocation,retain,not-applicable,not-applicable,not-applicable,not-applicable,none,export-and-import; terraform-redeploy,supported,supported,supported,none,21,true,not-applicable,azure.network.privatednszones,1.0.0,RULE_MATCH; GLOBAL_RESOURCE,,"SKU/tier (affects regional availability, move eligibility and data-copy method); Kind (e.g. functionapp vs app, StorageV2 vs BlobStorage); Network topology, private endpoints, encryption/CMK, managed identities, RBAC, locks, policy, data size, backup/replication state — require authenticated inspection",/subscriptions/<assessment-id>/resourceGroups/rg-contoso-billing-prod-eus/providers/Microsoft.Network/privateDnsZones/privatelink.database.windows.net,0.74,medium
id-billing-app,Microsoft.ManagedIdentity/userAssignedIdentities,rg-contoso-billing-prod-eus,eastus,<assessment-id>,billing,region-relocation,recreate-only,recreate,reconstruct,reconstruct,not-applicable,terraform-redeploy,manual-reconstruction,supported,supported,unsupported,none,7,true,planned,azure.managedidentity.userassignedidentities,1.0.0,RULE_MATCH; REGION_MOVE_UNSUPPORTED_ALTERNATIVE_SELECTED,,"SKU/tier (affects regional availability, move eligibility and data-copy method); Kind (e.g. functionapp vs app, StorageV2 vs BlobStorage); Network topology, private endpoints, encryption/CMK, managed identities, RBAC, locks, policy, data size, backup/replication state — require authenticated inspection",/subscriptions/<assessment-id>/resourceGroups/rg-contoso-billing-prod-eus/providers/Microsoft.ManagedIdentity/userAssignedIdentities/id-billing-app,0.74,medium
ag-platform-oncall,Microsoft.Insights/actionGroups,rg-contoso-billing-prod-eus,global,<assessment-id>,platform,region-relocation,retain,not-applicable,not-applicable,not-applicable,not-applicable,none,terraform-redeploy,supported,supported,supported,none,1,true,not-applicable,azure.insights.actiongroups,1.0.0,RULE_MATCH; GLOBAL_RESOURCE,,"SKU/tier (affects regional availability, move eligibility and data-copy method); Kind (e.g. functionapp vs app, StorageV2 vs BlobStorage); Network topology, private endpoints, encryption/CMK, managed identities, RBAC, locks, policy, data size, backup/replication state — require authenticated inspection",/subscriptions/<assessment-id>/resourceGroups/rg-contoso-billing-prod-eus/providers/Microsoft.Insights/actionGroups/ag-platform-oncall,0.74,medium
alert-vm-cpu,Microsoft.Insights/metricAlerts,rg-contoso-billing-prod-eus,global,<assessment-id>,billing,region-relocation,recreate-only,recreate,reconstruct,reconstruct,not-applicable,terraform-redeploy,,supported,supported,supported,minutes,2,true,planned,azure.insights.metricalerts,1.0.0,RULE_MATCH; REGION_MOVE_SUPPORTED,,"SKU/tier (affects regional availability, move eligibility and data-copy method); Kind (e.g. functionapp vs app, StorageV2 vs BlobStorage); Network topology, private endpoints, encryption/CMK, managed identities, RBAC, locks, policy, data size, backup/replication state — require authenticated inspection",/subscriptions/<assessment-id>/resourceGroups/rg-contoso-billing-prod-eus/providers/Microsoft.Insights/metricAlerts/alert-vm-cpu,0.74,medium
quantum-research-01,Microsoft.Quantum/Workspaces,rg-contoso-billing-prod-eus,eastus,<assessment-id>,research,region-relocation,unknown-requires-validation,unknown,unknown,unknown,unknown,none,manual-reconstruction,unknown,unknown,unknown,unknown,24,true,requires-validation,,,NO_RULE_FOR_TYPE,No rule coverage: disposition cannot be determined automatically.,"Support rule for Microsoft.Quantum/Workspaces — add one under rules/azure or escalate for manual review; SKU/tier (affects regional availability, move eligibility and data-copy method); Kind (e.g. functionapp vs app, StorageV2 vs BlobStorage); Network topology, private endpoints, encryption/CMK, managed identities, RBAC, locks, policy, data size, backup/replication state — require authenticated inspection",/subscriptions/<assessment-id>/resourceGroups/rg-contoso-billing-prod-eus/providers/Microsoft.Quantum/Workspaces/quantum-research-01,0.2,low
