NAME,TYPE,RESOURCE GROUP,LOCATION,SUBSCRIPTION,SUBSCRIPTION ID,RESOURCE ID,TAGS,KIND,SKU
rg-contoso-billing-prod-eus,Microsoft.Resources/resourceGroups,rg-contoso-billing-prod-eus,eastus,Contoso-Prod,00000000-0000-4000-8000-000000000001,/subscriptions/00000000-0000-4000-8000-000000000001/resourceGroups/rg-contoso-billing-prod-eus,application: billing; environment: prod; owner: platform-team,,
vnet-billing-prod-eus,microsoft.network/virtualnetworks,rg-contoso-billing-prod-eus,East US,Contoso-Prod,00000000-0000-4000-8000-000000000001,/subscriptions/00000000-0000-4000-8000-000000000001/resourceGroups/rg-contoso-billing-prod-eus/providers/Microsoft.Network/virtualNetworks/vnet-billing-prod-eus,application: billing; environment: prod,,
snet-app,microsoft.network/virtualnetworks/subnets,rg-contoso-billing-prod-eus,East US,Contoso-Prod,00000000-0000-4000-8000-000000000001,/subscriptions/00000000-0000-4000-8000-000000000001/resourceGroups/rg-contoso-billing-prod-eus/providers/Microsoft.Network/virtualNetworks/vnet-billing-prod-eus/subnets/snet-app,application: billing,,
nsg-app,microsoft.network/networksecuritygroups,rg-contoso-billing-prod-eus,East US,Contoso-Prod,00000000-0000-4000-8000-000000000001,/subscriptions/00000000-0000-4000-8000-000000000001/resourceGroups/rg-contoso-billing-prod-eus/providers/Microsoft.Network/networkSecurityGroups/nsg-app,application: billing,,
pip-lb-billing,microsoft.network/publicipaddresses,rg-contoso-billing-prod-eus,East US,Contoso-Prod,00000000-0000-4000-8000-000000000001,/subscriptions/00000000-0000-4000-8000-000000000001/resourceGroups/rg-contoso-billing-prod-eus/providers/Microsoft.Network/publicIPAddresses/pip-lb-billing,application: billing,,Standard
lb-billing-prod,microsoft.network/loadbalancers,rg-contoso-billing-prod-eus,East US,Contoso-Prod,00000000-0000-4000-8000-000000000001,/subscriptions/00000000-0000-4000-8000-000000000001/resourceGroups/rg-contoso-billing-prod-eus/providers/Microsoft.Network/loadBalancers/lb-billing-prod,application: billing,,Standard
nic-vm-billing-01,microsoft.network/networkinterfaces,rg-contoso-billing-prod-eus,East US,Contoso-Prod,00000000-0000-4000-8000-000000000001,/subscriptions/00000000-0000-4000-8000-000000000001/resourceGroups/rg-contoso-billing-prod-eus/providers/Microsoft.Network/networkInterfaces/nic-vm-billing-01,application: billing,,
vm-billing-01,microsoft.compute/virtualmachines,rg-contoso-billing-prod-eus,East US,Contoso-Prod,00000000-0000-4000-8000-000000000001,/subscriptions/00000000-0000-4000-8000-000000000001/resourceGroups/rg-contoso-billing-prod-eus/providers/Microsoft.Compute/virtualMachines/vm-billing-01,application: billing; environment: prod,,Standard_D4s_v5
vm-billing-01_OsDisk,microsoft.compute/disks,rg-contoso-billing-prod-eus,East US,Contoso-Prod,00000000-0000-4000-8000-000000000001,/subscriptions/00000000-0000-4000-8000-000000000001/resourceGroups/rg-contoso-billing-prod-eus/providers/Microsoft.Compute/disks/vm-billing-01_OsDisk,application: billing,,Premium_LRS
avset-billing,microsoft.compute/availabilitysets,rg-contoso-billing-prod-eus,East US,Contoso-Prod,00000000-0000-4000-8000-000000000001,/subscriptions/00000000-0000-4000-8000-000000000001/resourceGroups/rg-contoso-billing-prod-eus/providers/Microsoft.Compute/availabilitySets/avset-billing,application: billing,,Aligned
stcontosobillingprod,microsoft.storage/storageaccounts,rg-contoso-billing-prod-eus,East US,Contoso-Prod,00000000-0000-4000-8000-000000000001,/subscriptions/00000000-0000-4000-8000-000000000001/resourceGroups/rg-contoso-billing-prod-eus/providers/Microsoft.Storage/storageAccounts/stcontosobillingprod,application: billing; environment: prod,StorageV2,Standard_GRS
kv-billing-prod-eus,microsoft.keyvault/vaults,rg-contoso-billing-prod-eus,East US,Contoso-Prod,00000000-0000-4000-8000-000000000001,/subscriptions/00000000-0000-4000-8000-000000000001/resourceGroups/rg-contoso-billing-prod-eus/providers/Microsoft.KeyVault/vaults/kv-billing-prod-eus,application: billing,,standard
sql-billing-prod-eus,microsoft.sql/servers,rg-contoso-billing-prod-eus,East US,Contoso-Prod,00000000-0000-4000-8000-000000000001,/subscriptions/00000000-0000-4000-8000-000000000001/resourceGroups/rg-contoso-billing-prod-eus/providers/Microsoft.Sql/servers/sql-billing-prod-eus,application: billing,,
billingdb,microsoft.sql/servers/databases,rg-contoso-billing-prod-eus,East US,Contoso-Prod,00000000-0000-4000-8000-000000000001,/subscriptions/00000000-0000-4000-8000-000000000001/resourceGroups/rg-contoso-billing-prod-eus/providers/Microsoft.Sql/servers/sql-billing-prod-eus/databases/billingdb,application: billing,,GP_Gen5_4
psql-billing-prod-eus,microsoft.dbforpostgresql/flexibleservers,rg-contoso-billing-prod-eus,East US,Contoso-Prod,00000000-0000-4000-8000-000000000001,/subscriptions/00000000-0000-4000-8000-000000000001/resourceGroups/rg-contoso-billing-prod-eus/providers/Microsoft.DBforPostgreSQL/flexibleServers/psql-billing-prod-eus,application: billing,,Standard_D2ds_v4
cosmos-billing-prod,microsoft.documentdb/databaseaccounts,rg-contoso-billing-prod-eus,East US,Contoso-Prod,00000000-0000-4000-8000-000000000001,/subscriptions/00000000-0000-4000-8000-000000000001/resourceGroups/rg-contoso-billing-prod-eus/providers/Microsoft.DocumentDB/databaseAccounts/cosmos-billing-prod,application: billing,GlobalDocumentDB,
crcontosobilling,microsoft.containerregistry/registries,rg-contoso-billing-prod-eus,East US,Contoso-Prod,00000000-0000-4000-8000-000000000001,/subscriptions/00000000-0000-4000-8000-000000000001/resourceGroups/rg-contoso-billing-prod-eus/providers/Microsoft.ContainerRegistry/registries/crcontosobilling,application: billing,,Premium
asp-billing-prod-eus,microsoft.web/serverfarms,rg-contoso-billing-prod-eus,East US,Contoso-Prod,00000000-0000-4000-8000-000000000001,/subscriptions/00000000-0000-4000-8000-000000000001/resourceGroups/rg-contoso-billing-prod-eus/providers/Microsoft.Web/serverFarms/asp-billing-prod-eus,application: billing,linux,P1v3
app-billing-web-prod,microsoft.web/sites,rg-contoso-billing-prod-eus,East US,Contoso-Prod,00000000-0000-4000-8000-000000000001,/subscriptions/00000000-0000-4000-8000-000000000001/resourceGroups/rg-contoso-billing-prod-eus/providers/Microsoft.Web/sites/app-billing-web-prod,application: billing; environment: prod,"app,linux",
func-billing-jobs-prod,microsoft.web/sites,rg-contoso-billing-prod-eus,East US,Contoso-Prod,00000000-0000-4000-8000-000000000001,/subscriptions/00000000-0000-4000-8000-000000000001/resourceGroups/rg-contoso-billing-prod-eus/providers/Microsoft.Web/sites/func-billing-jobs-prod,application: billing,"functionapp,linux",
appi-billing-prod,microsoft.insights/components,rg-contoso-billing-prod-eus,East US,Contoso-Prod,00000000-0000-4000-8000-000000000001,/subscriptions/00000000-0000-4000-8000-000000000001/resourceGroups/rg-contoso-billing-prod-eus/providers/Microsoft.Insights/components/appi-billing-prod,application: billing,web,
log-contoso-prod-eus,microsoft.operationalinsights/workspaces,rg-contoso-billing-prod-eus,East US,Contoso-Prod,00000000-0000-4000-8000-000000000001,/subscriptions/00000000-0000-4000-8000-000000000001/resourceGroups/rg-contoso-billing-prod-eus/providers/Microsoft.OperationalInsights/workspaces/log-contoso-prod-eus,application: platform,,PerGB2018
rsv-contoso-prod-eus,microsoft.recoveryservices/vaults,rg-contoso-billing-prod-eus,East US,Contoso-Prod,00000000-0000-4000-8000-000000000001,/subscriptions/00000000-0000-4000-8000-000000000001/resourceGroups/rg-contoso-billing-prod-eus/providers/Microsoft.RecoveryServices/vaults/rsv-contoso-prod-eus,application: platform,,RS0
pe-sql-billing,microsoft.network/privateendpoints,rg-contoso-billing-prod-eus,East US,Contoso-Prod,00000000-0000-4000-8000-000000000001,/subscriptions/00000000-0000-4000-8000-000000000001/resourceGroups/rg-contoso-billing-prod-eus/providers/Microsoft.Network/privateEndpoints/pe-sql-billing,application: billing,,
privatelink.database.windows.net,microsoft.network/privatednszones,rg-contoso-billing-prod-eus,global,Contoso-Prod,00000000-0000-4000-8000-000000000001,/subscriptions/00000000-0000-4000-8000-000000000001/resourceGroups/rg-contoso-billing-prod-eus/providers/Microsoft.Network/privateDnsZones/privatelink.database.windows.net,application: platform,,
id-billing-app,microsoft.managedidentity/userassignedidentities,rg-contoso-billing-prod-eus,East US,Contoso-Prod,00000000-0000-4000-8000-000000000001,/subscriptions/00000000-0000-4000-8000-000000000001/resourceGroups/rg-contoso-billing-prod-eus/providers/Microsoft.ManagedIdentity/userAssignedIdentities/id-billing-app,application: billing,,
ag-platform-oncall,microsoft.insights/actiongroups,rg-contoso-billing-prod-eus,global,Contoso-Prod,00000000-0000-4000-8000-000000000001,/subscriptions/00000000-0000-4000-8000-000000000001/resourceGroups/rg-contoso-billing-prod-eus/providers/Microsoft.Insights/actionGroups/ag-platform-oncall,application: platform,,
alert-vm-cpu,microsoft.insights/metricalerts,rg-contoso-billing-prod-eus,global,Contoso-Prod,00000000-0000-4000-8000-000000000001,/subscriptions/00000000-0000-4000-8000-000000000001/resourceGroups/rg-contoso-billing-prod-eus/providers/Microsoft.Insights/metricAlerts/alert-vm-cpu,application: billing,,
quantum-research-01,microsoft.quantum/workspaces,rg-contoso-billing-prod-eus,East US,Contoso-Prod,00000000-0000-4000-8000-000000000001,/subscriptions/00000000-0000-4000-8000-000000000001/resourceGroups/rg-contoso-billing-prod-eus/providers/Microsoft.Quantum/Workspaces/quantum-research-01,application: research,,
